{"cameraMode":{"drawMode":0,"name":"Shaded","section":"Shading Mode"},"sceneLighting":true,"audioPlay":false,"sceneViewState":{"m_AlwaysRefresh":false,"showFog":true,"showSkybox":true,"showFlares":true,"showImageEffects":true,"showParticleSystems":true,"showVisualEffectGraphs":true,"m_FxEnabled":true},"in2DMode":false,"pivot":{"x":0.27281472086906435,"y":4.462226867675781,"z":0.1789764165878296},"rotation":{"x":0.4876253604888916,"y":0.009166635572910309,"z":-0.005120400805026293,"w":0.8729910254478455},"size":11.56997013092041,"orthographic":false}