{"cameraMode":{"drawMode":0,"name":"Shaded","section":"Shading Mode"},"sceneLighting":true,"audioPlay":false,"sceneViewState":{"m_AlwaysRefresh":false,"showFog":true,"showSkybox":true,"showFlares":true,"showImageEffects":true,"showParticleSystems":true,"showVisualEffectGraphs":true,"m_FxEnabled":true},"in2DMode":false,"pivot":{"x":-2.350811719894409,"y":0.46389779448509219,"z":1.0151368379592896},"rotation":{"x":0.19986890256404878,"y":-0.027607081457972528,"z":0.005686767399311066,"w":0.9794081449508667},"size":6.474118709564209,"orthographic":false}