{"cameraMode":{"drawMode":0,"name":"Shaded","section":"Shading Mode"},"sceneLighting":false,"audioPlay":false,"sceneViewState":{"m_AlwaysRefresh":false,"showFog":true,"showSkybox":false,"showFlares":true,"showImageEffects":true,"showParticleSystems":true,"showVisualEffectGraphs":true,"m_FxEnabled":true},"in2DMode":false,"pivot":{"x":5.320000171661377,"y":0.690000057220459,"z":0.3800000548362732},"rotation":{"x":0.19986890256404878,"y":-0.027607081457972528,"z":0.005686767399311066,"w":0.9794081449508667},"size":0.8696050643920898,"orthographic":false}